"24kQuad","100kQuad"
"SALMO MOUNTAIN","COLVILLE"
"CONTINENTAL MOUNTAIN","BONNERS FERRY"
"GRASS MOUNTAIN","BONNERS FERRY"
"SHORTY PEAK","BONNERS FERRY"
"SMITH FALLS","BONNERS FERRY"
"COPELAND","BONNERS FERRY"
"HALL MOUNTAIN","BONNERS FERRY"
"EASTPORT","BONNERS FERRY"
"CANUCK PEAK","BONNERS FERRY"
"HELMER MOUNTAIN","COLVILLE"
"UPPER PRIEST LAKE","BONNERS FERRY"
"CARIBOU CREEK","BONNERS FERRY"
"SMITH PEAK","BONNERS FERRY"
"PYRAMID PEAK","BONNERS FERRY"
"FARNHAM PEAK","BONNERS FERRY"
"RITZ","BONNERS FERRY"
"MEADOW CREEK","BONNERS FERRY"
"LINE POINT","BONNERS FERRY"
"ORWIG HUMP","COLVILLE"
"PRIEST LAKE NW","BONNERS FERRY"
"PRIEST LAKE NE","BONNERS FERRY"
"THE WIGWAMS","BONNERS FERRY"
"ROMAN NOSE","BONNERS FERRY"
"MORAVIA","BONNERS FERRY"
"BONNERS FERRY","BONNERS FERRY"
"MOYIE SPRINGS","BONNERS FERRY"
"CURLEY CREEK","BONNERS FERRY"
"GLEASON MOUNTAIN","COLVILLE"
"PRIEST LAKE SW","BONNERS FERRY"
"PRIEST LAKE SE","BONNERS FERRY"
"MOUNT ROOTHAAN","BONNERS FERRY"
"DODGE PEAK","BONNERS FERRY"
"NAPLES","BONNERS FERRY"
"TWENTYMILE CREEK","BONNERS FERRY"
"CLIFTY MOUNTAIN","BONNERS FERRY"
"LEONIA","BONNERS FERRY"
"GALENA POINT","CHEWELAH"
"OUTLET BAY","SANDPOINT"
"COOLIN","SANDPOINT"
"MOUNT CASEY","SANDPOINT"
"COLBURN","SANDPOINT"
"ELMIRA","SANDPOINT"
"WYLIE KNOB","SANDPOINT"
"MOUNT PEND OREILLE","SANDPOINT"
"SMITH MOUNTAIN","SANDPOINT"
"BEAD LAKE","CHEWELAH"
"QUARTZ MOUNTAIN","SANDPOINT"
"PRATER MOUNTAIN","SANDPOINT"
"HAPPY FORK GAP","SANDPOINT"
"SANDPOINT","SANDPOINT"
"ODEN BAY","SANDPOINT"
"TROUT PEAK","SANDPOINT"
"TRESTLE PEAK","SANDPOINT"
"BENNING MOUNTAIN","SANDPOINT"
"NEWPORT","CHEWELAH"
"PRIEST RIVER","SANDPOINT"
"LACLEDE","SANDPOINT"
"MORTON","SANDPOINT"
"SAGLE","SANDPOINT"
"TALACHE","SANDPOINT"
"HOPE","SANDPOINT"
"CLARK FORK","SANDPOINT"
"SCOTCHMAN PEAK","SANDPOINT"
"TWEEDIE","CHEWELAH"
"BLANCHARD","SANDPOINT"
"EDGEMERE","SANDPOINT"
"CAREYWOOD","SANDPOINT"
"COCOLALLA","SANDPOINT"
"MINERVA PEAK","SANDPOINT"
"PACKSADDLE MOUNTAIN","SANDPOINT"
"DERR POINT","SANDPOINT"
"CABINET","SANDPOINT"
"MOUNT SPOKANE","SPOKANE"
"SPIRIT LAKE WEST","COEUR D'ALENE"
"SPIRIT LAKE EAST","COEUR D'ALENE"
"ATHOL","COEUR D'ALENE"
"BAYVIEW","COEUR D'ALENE"
"LAKEVIEW","COEUR D'ALENE"
"FASET PEAK","COEUR D'ALENE"
"CATHEDRAL PEAK","COEUR D'ALENE"
"JORDAN CREEK","COEUR D'ALENE"
"GEM PEAK","THOMPSON FALLS"
"NEWMAN LAKE","SPOKANE"
"RATHDRUM","COEUR D'ALENE"
"HAYDEN","COEUR D'ALENE"
"HAYDEN LAKE","COEUR D'ALENE"
"SPADES MOUNTAIN","COEUR D'ALENE"
"CATARACT PEAK","COEUR D'ALENE"
"LAMB PEAK","COEUR D'ALENE"
"SPYGLASS PEAK","COEUR D'ALENE"
"POND PEAK","COEUR D'ALENE"
"TAYLOR PEAK","THOMPSON FALLS"
"BLOOM PEAK","THOMPSON FALLS"
"LIBERTY LAKE","SPOKANE"
"POST FALLS","COEUR D'ALENE"
"COEUR D'ALENE","COEUR D'ALENE"
"FERNAN LAKE","COEUR D'ALENE"
"WOLF LODGE","COEUR D'ALENE"
"SKITWISH PEAK","COEUR D'ALENE"
"BUMBLEBEE PEAK","COEUR D'ALENE"
"STEAMBOAT CREEK","COEUR D'ALENE"
"GRIZZLY MOUNTAIN","COEUR D'ALENE"
"PRICHARD","THOMPSON FALLS"
"MURRAY","THOMPSON FALLS"
"BLACK PEAK","THOMPSON FALLS"
"MICA PEAK","SPOKANE"
"ROCKFORD BAY","COEUR D'ALENE"
"MICA BAY","COEUR D'ALENE"
"MOUNT COEUR D'ALENE","COEUR D'ALENE"
"LANE","COEUR D'ALENE"
"ROSE LAKE","COEUR D'ALENE"
"CATALDO","COEUR D'ALENE"
"KELLOGG WEST","COEUR D'ALENE"
"KELLOGG EAST","COEUR D'ALENE"
"OSBURN","THOMPSON FALLS"
"BURKE","THOMPSON FALLS"
"THOMPSON PASS","THOMPSON FALLS"
"SETTERS","ROSALIA"
"WORLEY","ST. MARIES"
"HARRISON","ST. MARIES"
"BLACK LAKE","ST. MARIES"
"MEDIMONT","ST. MARIES"
"ROCHAT PEAK","ST. MARIES"
"TWIN CRAGS","ST. MARIES"
"MASONIA","ST. MARIES"
"POLARIS PEAK","ST. MARIES"
"WALLACE","WALLACE"
"MULLAN","WALLACE"
"LOOKOUT PASS","WALLACE"
"SALTESE","WALLACE"
"TEKOA MOUNTAIN","ROSALIA"
"PLUMMER","ST. MARIES"
"CHATCOLET","ST. MARIES"
"BENEWAH LAKE","ST. MARIES"
"ST. MARIES","ST. MARIES"
"ST. JOE BALDY","ST. MARIES"
"ST. JOE","ST. MARIES"
"CALDER","ST. MARIES"
"MARBLE CREEK","ST. MARIES"
"MASTODON MOUNTAIN","WALLACE"
"AVERY","WALLACE"
"SHEFOOT MOUNTAIN","WALLACE"
"ADAIR","WALLACE"
"MCGEE PEAK","WALLACE"
"DE BORGIA SOUTH","WALLACE"
"TEKOA","ROSALIA"
"TENSED","ST. MARIES"
"BENEWAH","ST. MARIES"
"ALDER CREEK FLATS","ST. MARIES"
"LINDSTROM PEAK","ST. MARIES"
"SANTA","ST. MARIES"
"CRYSTAL PEAK","ST. MARIES"
"HUCKLEBERRY MOUNTAIN","ST. MARIES"
"MARBLE MOUNTAIN","ST. MARIES"
"HOYT MOUNTAIN","WALLACE"
"FISHHOOK CREEK","WALLACE"
"THREE SISTERS","WALLACE"
"THOR MOUNTAIN","WALLACE"
"CONRAD PEAK","WALLACE"
"BERGE PEAK","WALLACE"
"TORINO PEAK","WALLACE"
"FARMINGTON","ROSALIA"
"MISSION MOUNTAIN","ST. MARIES"
"SANDERS","ST. MARIES"
"WEST DENNIS","ST. MARIES"
"EMIDA","ST. MARIES"
"FERNWOOD","ST. MARIES"
"CLARKIA","ST. MARIES"
"MERRY CREEK","ST. MARIES"
"GRANDMOTHER MOUNTAIN","ST. MARIES"
"WIDOW MOUNTAIN","WALLACE"
"MONUMENTAL BUTTES","WALLACE"
"MONTANA PEAK","WALLACE"
"BATHTUB MOUNTAIN","WALLACE"
"PEGGY PEAK","WALLACE"
"RED IVES PEAK","WALLACE"
"SHERLOCK PEAK","WALLACE"
"ILLINOIS PEAK","WALLACE"
"PALOUSE","PULLMAN"
"POTLATCH","POTLATCH"
"PRINCETON","POTLATCH"
"HARVARD","POTLATCH"
"SAND MOUNTAIN","POTLATCH"
"ABES KNOB","POTLATCH"
"BECHTEL BUTTE","POTLATCH"
"ANTHONY PEAK","POTLATCH"
"GRICE RIDGE","POTLATCH"
"PINCHOT BUTTE","HEADQUARTERS"
"LITTLE GOAT MOUNTAINS","HEADQUARTERS"
"BUZZARD ROOST","HEADQUARTERS"
"MALLARD PEAK","HEADQUARTERS"
"POLE MOUNTAIN","HEADQUARTERS"
"BACON PEAK","HEADQUARTERS"
"CHAMBERLAIN MOUNTAIN","HEADQUARTERS"
"HOODOO PASS","HEADQUARTERS"
"STRAIGHT PEAK","MISSOULA WEST"
"VIOLA","PULLMAN"
"ROBINSON LAKE","POTLATCH"
"MOSCOW MOUNTAIN","POTLATCH"
"STANFORD","POTLATCH"
"DEARY","POTLATCH"
"BOVILL","POTLATCH"
"McGARY BUTTE","POTLATCH"
"ELK RIVER","POTLATCH"
"ELK BUTTE","POTLATCH"
"TOWNSHIP BUTTE","HEADQUARTERS"
"BERTHA HILL","HEADQUARTERS"
"THOMPSON POINT","HEADQUARTERS"
"SHEEP MOUNTAIN","HEADQUARTERS"
"THE NUB","HEADQUARTERS"
"ELIZABETH LAKE","HEADQUARTERS"
"MOOSE MOUNTAIN","HEADQUARTERS"
"OSIER RIDGE","HEADQUARTERS"
"BRUIN HILL","MISSOULA WEST"
"SCHLEY MOUNTAIN","MISSOULA WEST"
"MOSCOW WEST","PULLMAN"
"MOSCOW EAST","POTLATCH"
"TROY","POTLATCH"
"LITTLE BEAR RIDGE","POTLATCH"
"TEXAS RIDGE","POTLATCH"
"PARK","POTLATCH"
"ALDERMAND RIDGE","POTLATCH"
"ELK CREEK FALLS","POTLATCH"
"LITTLE GREEN MOUNTAIN","POTLATCH"
"JOHN LEWIS MOUNTAIN","HEADQUARTERS"
"HEADQUARTERS","HEADQUARTERS"
"BROWNS ROCK","HEADQUARTERS"
"CLARKE MOUNTAIN","HEADQUARTERS"
"POT MOUNTAIN","HEADQUARTERS"
"JUNCTION MOUNTAIN","HEADQUARTERS"
"SCURVY MOUNTAIN","HEADQUARTERS"
"GORMAN HILL","HEADQUARTERS"
"TOBOGGAN RIDGE","MISSOULA WEST"
"RHODES PEAK","MISSOULA WEST"
"GRANITE PASS","MISSOULA WEST"
"LOLO HOT SPRINGS","MISSOULA WEST"
"WEST FORK BUTTE","MISSOULA WEST"
"DICK CREEK","MISSOULA WEST"
"UNIONTOWN","PULLMAN"
"GENESEE","POTLATCH"
"GREEN KNOB","POTLATCH"
"JULIAETTA","POTLATCH"
"LENORE","POTLATCH"
"SOUTHWICK","POTLATCH"
"AHSAHKA","POTLATCH"
"DENT","POTLATCH"
"GRANGEMONT","POTLATCH"
"WHISKEY BUTTE","HEADQUARTERS"
"JAYPE","HEADQUARTERS"
"FRENCH MOUNTAIN","HEADQUARTERS"
"LARCH BUTTE","HEADQUARTERS"
"LEAN-TO POINT","HEADQUARTERS"
"COOK MOUNTAIN","HEADQUARTERS"
"LOOKOUT PEAK","HEADQUARTERS"
"HORSESHOE LAKE","HEADQUARTERS"
"INDIAN POSTOFFICE","MISSOULA WEST"
"CAYUSE JUNCTION","MISSOULA WEST"
"ROCKY POINT","MISSOULA WEST"
"ROUNDTOP","MISSOULA WEST"
"RANGER PEAK","MISSOULA WEST"
"SAINT JOSEPH PEAK","MISSOULA WEST"
"CLARKSTON, WASHINGTON","CLARKSTON"
"LEWISTON ORCHARDS NORTH","OROFINO"
"LAPWAI","OROFINO"
"CULDESAC NORTH","OROFINO"
"GIFFORD","OROFINO"
"PECK","OROFINO"
"OROFINO WEST","OROFINO"
"OROFINO EAST","OROFINO"
"RUDO","OROFINO"
"WEIPPE NORTH","KOOSKIA"
"PIERCE","KOOSKIA"
"HEMLOCK BUTTE","KOOSKIA"
"SNOWY SUMMIT","KOOSKIA"
"WEITAS BUTTE","KOOSKIA"
"LIZ BUTTE","KOOSKIA"
"HOLLY CREEK","KOOSKIA"
"GREYSTONE BUTTE","KOOSKIA"
"BEAR MOUNTAIN","HAMILTON"
"TOM BEAL PEAK","HAMILTON"
"GRAVE PEAK","HAMILTON"
"SAVAGE RIDGE","HAMILTON"
"WHITE SAND LAKE","HAMILTON"
"GASH POINT","HAMILTON"
"ASOTIN","CLARKSTON"
"LEWISTON ORCHARDS SOUTH","OROFINO"
"SWEETWATER","OROFINO"
"CULDESAC SOUTH","OROFINO"
"REUBENS","OROFINO"
"FLETCHER","OROFINO"
"MOHLER","OROFINO"
"SIXMILE CREEK","OROFINO"
"WOODLAND","OROFINO"
"WEIPPE SOUTH","KOOSKIA"
"BROWN CREEK RIDGE","KOOSKIA"
"MUSSELSHELL","KOOSKIA"
"BOUNDARY PEAK","KOOSKIA"
"McLENDON BUTTE","KOOSKIA"
"HUCKLEBERRY BUTTE","KOOSKIA"
"GREENSIDE BUTTE","KOOSKIA"
"FISH LAKE","KOOSKIA"
"McCONNELL MOUNTAIN","HAMILTON"
"HUNGRY ROCK","HAMILTON"
"CEDAR RIDGE","HAMILTON"
"JEANETTE MOUNTAIN","HAMILTON"
"BLODGETT MOUNTAIN","HAMILTON"
"CAPTAIN JOHN RAPIDS","OROFINO"
"WAHA","OROFINO"
"WINCHESTER WEST","OROFINO"
"WINCHESTER EAST","OROFINO"
"CRAIGMONT","OROFINO"
"COTTONWOOD NE","OROFINO"
"NEZPERCE","OROFINO"
"KAMIAH","OROFINO"
"KOOSKIA","KOOSKIA"
"GLENWOOD","KOOSKIA"
"SYRINGA","KOOSKIA"
"LOWELL","KOOSKIA"
"COOLWATER MOUNTAIN","KOOSKIA"
"CHIMNEY PEAK","KOOSKIA"
"FENN MOUNTAIN","KOOSKIA"
"BIG ROCK MOUNTAIN","KOOSKIA"
"SHISSLER PEAK","HAMILTON"
"FREEMAN PEAK","HAMILTON"
"WAHOO PEAK","HAMILTON"
"SADDLE MOUNTAIN","HAMILTON"
"TENMILE LAKE","HAMILTON"
"LIMEKILN RAPIDS","OROFINO"
"FRYE POINT","OROFINO"
"HOOVER POINT","OROFINO"
"WESTLAKE","OROFINO"
"KEUTERVILLE","OROFINO"
"COTTONWOOD","OROFINO"
"NEZPERCE SW","OROFINO"
"NEZPERCE SE","OROFINO"
"STITES","KOOSKIA"
"BIG CEDAR","KOOSKIA"
"LODGE POINT","KOOSKIA"
"GODDARD POINT","KOOSKIA"
"STILLMAN POINT","KOOSKIA"
"SELWAY FALLS","KOOSKIA"
"FOG MOUNTAIN","KOOSKIA"
"MINK PEAK","KOOSKIA"
"MOOSE RIDGE","HAMILTON"
"DOG CREEK","HAMILTON"
"TWIN BUTTE","HAMILTON"
"HUNTER PEAK","HAMILTON"
"EL CAPITAN","HAMILTON"
"JIM CREEK BUTTE","GRANGEVILLE"
"WAPSHILLA CREEK","GRANGEVILLE"
"RATTLESNAKE RIDGE","GRANGEVILLE"
"BOLES","GRANGEVILLE"
"MOUGHMER POINT","GRANGEVILLE"
"FENN","GRANGEVILLE"
"GRANGEVILLE WEST","GRANGEVILLE"
"GRANGEVILLE EAST","GRANGEVILLE"
"HARPSTER","ELK CITY"
"CORRAL HILL","ELK CITY"
"PILOT KNOB","ELK CITY"
"IRON MOUNTAIN","ELK CITY"
"LICK POINT","ELK CITY"
"ANDERSON BUTTE","ELK CITY"
"VERMILION PEAK","ELK CITY"
"RUNNING LAKE","ELK CITY"
"WYLIES PEAK","NEZ PERCE PASS"
"GARDINER PEAK","NEZ PERCE PASS"
"MOUNT GEORGE","NEZ PERCE PASS"
"MOUNT PALOMA","NEZ PERCE PASS"
"TIN CUP LAKE","NEZ PERCE PASS"
"DEADHORSE RIDGE","GRANGEVILLE"
"CACTUS MOUNTAIN","GRANGEVILLE"
"WOLF CREEK","GRANGEVILLE"
"JOSEPH","GRANGEVILLE"
"WHITE BIRD","GRANGEVILLE"
"WHITE BIRD HILL","GRANGEVILLE"
"GOODWIN MEADOWS","GRANGEVILLE"
"HUNGRY RIDGE","ELK CITY"
"HUDDLESON BLUFF","ELK CITY"
"GOLDEN","ELK CITY"
"CENTER STAR MOUNTAIN","ELK CITY"
"ELK CITY","ELK CITY"
"BLACK HAWK MOUNTAIN","ELK CITY"
"SABLE HILL","ELK CITY"
"GREEN MOUNTAIN","ELK CITY"
"THREE PRONG MOUNTAIN","NEZ PERCE PASS"
"SPOT MOUNTAIN","NEZ PERCE PASS"
"BURNT STRIP MOUNTAIN","NEZ PERCE PASS"
"WATCHTOWER PEAK","NEZ PERCE PASS"
"MOUNT JERUSALEM","NEZ PERCE PASS"
"LORD FLAT","GRANGEVILLE"
"GRAVE POINT","GRANGEVILLE"
"SLATE CREEK","GRANGEVILLE"
"MCKINZIE CREEK","GRANGEVILLE"
"DAIRY MOUNTAIN","GRANGEVILLE"
"SAWYER RIDGE","ELK CITY"
"SOURDOUGH PEAK","ELK CITY"
"NORTH POLE","ELK CITY"
"OROGRANDE","ELK CITY"
"MOOSE BUTTE","ELK CITY"
"TRAPPER CREEK","ELK CITY"
"BOSTON MOUNTAIN","ELK CITY"
"SPREAD CREEK POINT","ELK CITY"
"SABE MOUNTAIN","NEZ PERCE PASS"
"MAGRUDER MOUNTAIN","NEZ PERCE PASS"
"BEAVER JACK MOUNTAIN","NEZ PERCE PASS"
"NEZ PERCE PEAK","NEZ PERCE PASS"
"BARE CONE","NEZ PERCE PASS"
"THUNDER MOUNTAIN NE","NEZ PERCE PASS"
"ALLAN MOUNTAIN NW","NEZ PERCE PASS"
"OVERWHICH FALLS","NEZ PERCE PASS"
"LOST TRAIL PASS","WISDOM"
"TEMPERANCE CREEK","GRANGEVILLE"
"KIRKWOOD CREEK","GRANGEVILLE"
"LUCILE","GRANGEVILLE"
"JOHN DAY MOUNTAIN","GRANGEVILLE"
"FLORENCE","GRANGEVILLE"
"HANOVER MOUNTAIN","ELK CITY"
"MARBLE BUTTE","ELK CITY"
"BUFFALO HUMP","ELK CITY"
"SILVER SPUR RIDGE","ELK CITY"
"DIXIE","ELK CITY"
"WHITEWATER RANCH","ELK CITY"
"HIDA POINT","ELK CITY"
"SHEEP HILL","ELK CITY"
"DENNIS MOUNTAIN","NEZ PERCE PASS"
"STRIPE MOUNTAIN","NEZ PERCE PASS"
"WOOD HUMP","NEZ PERCE PASS"
"BLUE JOINT","NEZ PERCE PASS"
"HORSE CREEK PASS","NEZ PERCE PASS"
"ALTA","NEZ PERCE PASS"
"HENDERSON RIDGE","NEZ PERCE PASS"
"BIG HOLE PASS","WISDOM"
"ALLAN MOUNTAIN","NEZ PERCE PASS"
"GIBBONSVILLE","WISDOM"
"HAT POINT","RIGGINS"
"OLD TIMER MOUNTAIN","RIGGINS"
"KESSLER CREEK","RIGGINS"
"RIGGINS","RIGGINS"
"RIGGINS HOT SPRINGS","RIGGINS"
"KELLY MOUNTAIN","RIGGINS"
"CAREY DOME","WARREN"
"JOHNSON BUTTE","WARREN"
"COTTONTAIL POINT","WARREN"
"Mackay Bar","WARREN"
"FIVEMILE BAR","WARREN"
"SHEEPEATER MOUNTAIN","WARREN"
"MEADOW OF DOUBT","WARREN"
"ARCTIC POINT","WARREN"
"DEVILS TEETH RAPIDS","BIGHORN CRAGS"
"WAUGH MOUNTAIN","BIGHORN CRAGS"
"SQUARE TOP","BIGHORN CRAGS"
"HORSE CREEK BUTTE","BIGHORN CRAGS"
"TINCUP HILL","BIGHORN CRAGS"
"SHOUP","BIGHORN CRAGS"
"JUMBO MOUNTAIN","SALMON"
"SHEWAG LAKE","SALMON"
"ULYSSES","BIGHORN CRAGS"
"NORTH FORK","SALMON"
"ULYSSES MOUNTAIN","BIGHORN CRAGS"
"SQUIRREL PRAIRIE","RIGGINS"
"HE DEVIL","RIGGINS"
"HEAVENS GATE","RIGGINS"
"POLLOCK","RIGGINS"
"PATRICK BUTTE","RIGGINS"
"HERSHEY POINT","RIGGINS"
"BURGDORF","WARREN"
"WAR EAGLE MOUNTAIN","WARREN"
"WARREN","WARREN"
"BURGDORF SUMMIT","WARREN"
"CHICKEN PEAK","WARREN"
"MOSQUITO PEAK","WARREN"
"LODGEPOLE CREEK","WARREN"
"WAPITI CREEK","WARREN"
"COLD MEADOWS","BIGHORN CRAGS"
"COTTONWOOD BUTTE","BIGHORN CRAGS"
"BUTTS CREEK POINT","BIGHORN CRAGS"
"LONG TOM MOUNTAIN","BIGHORN CRAGS"
"BIGHORN CRAGS","BIGHORN CRAGS"
"PINE CREEK RAPIDS","BIGHORN CRAGS"
"HOMER YOUNGS PEAK","SALMON"
"PINE CREEK RIDGE","BIGHORN CRAGS"
"BADGER SPRING GULCH","SALMON"
"BIRD CREEK","SALMON"
"NAPOLEON HILL","BIGHORN CRAGS"
"WHITE MONUMENT","RIGGINS"
"PURGATORY SADDLE","RIGGINS"
"POLLOCK MOUNTAIN","RIGGINS"
"INDIAN MOUNTAIN","RIGGINS"
"HAZARD LAKE","RIGGINS"
"BLACK TIP","RIGGINS"
"VICTOR PEAK","WARREN"
"LOON LAKE","WARREN"
"PONY MEADOWS","WARREN"
"PILOT PEAK","WARREN"
"WOLF FANG PEAK","WARREN"
"BIG CREEK","WARREN"
"BISMARK MOUNTAIN","WARREN"
"ACORN BUTTE","WARREN"
"VINEGAR HILL","BIGHORN CRAGS"
"PAPOOSE PEAK","BIGHORN CRAGS"
"AGGIPAH MOUNTAIN","BIGHORN CRAGS"
"MOUNT McGUIRE","BIGHORN CRAGS"
"GANT RIDGE","BIGHORN CRAGS"
"GOLDSTONE PASS","SALMON"
"BOHANNON SPRING","SALMON"
"GANT MOUNTAIN","BIGHORN CRAGS"
"JUREANO MOUNTAIN","BIGHORN CRAGS"
"EAST OF SALMON","SALMON"
"SALMON","SALMON"
"LEESBURG","BIGHORN CRAGS"
"HOMESTEAD","RIGGINS"
"CUPRUM","RIGGINS"
"BUTTERFIELD GULCH","RIGGINS"
"RAILROAD SADDLE","RIGGINS"
"BALLY MOUNTAIN","RIGGINS"
"BRUNDAGE MOUNTAIN","RIGGINS"
"GRANITE LAKE","RIGGINS"
"BOX LAKE","WARREN"
"ENOS LAKE","WARREN"
"WILLIAMS PEAK","WARREN"
"PARKS PEAK","WARREN"
"PROFILE GAP","WARREN"
"EDWARDSBURG","WARREN"
"CENTER MOUNTAIN","WARREN"
"MONUMENT","WARREN"
"MORMON MOUNTAIN","BIGHORN CRAGS"
"DAVE LEWIS PEAK","BIGHORN CRAGS"
"PUDDIN MOUNTAIN","BIGHORN CRAGS"
"KITTY CREEK","SALMON"
"HOODOO MEADOWS","BIGHORN CRAGS"
"BLACKBIRD MOUNTAIN","BIGHORN CRAGS"
"GOLDSTONE MOUNTAIN","SALMON"
"BAKER","SALMON"
"BLACKBIRD CREEK","BIGHORN CRAGS"
"COBALT","BIGHORN CRAGS"
"SAL MOUNTAIN","SALMON"
"WILLIAMS LAKE","SALMON"
"LAKE MOUNTAIN","BIGHORN CRAGS"
"OXBOW","McCALL"
"ROCKY COMFORT FLAT","McCALL"
"WEASEL GULCH","McCALL"
"TAMARACK","McCALL"
"NEW MEADOWS","McCALL"
"MEADOWS","McCALL"
"MCCALL","McCALL"
"FITSUM SUMMIT","PISTOL CREEK"
"FITSUM PEAK","PISTOL CREEK"
"TEAPOT MOUNTAIN","PISTOL CREEK"
"CATON LAKE","PISTOL CREEK"
"YELLOW PINE","PISTOL CREEK"
"STIBNITE","PISTOL CREEK"
"RAINBOW PEAK","PISTOL CREEK"
"SAFETY CREEK","PISTOL CREEK"
"SHELLROCK PEAK","CHALLIS"
"BEAR CREEK POINT","CHALLIS"
"APAREJO POINT","CHALLIS"
"LEMHI PASS","LEADORE"
"YELLOWJACKET","CHALLIS"
"DUCK CREEK POINT","CHALLIS"
"AGENCY CREEK","LEADORE"
"TENDOY","LEADORE"
"OPAL LAKE","CHALLIS"
"TAYLOR MOUNTAIN","CHALLIS"
"POISON PEAK","LEADORE"
"GOLDBUG RIDGE","LEADORE"
"DEGAN MOUNTAIN","CHALLIS"
"POSY VALLEY","BAKER"
"BROWNLEE DAM","McCALL"
"CUDDY MOUNTAIN","McCALL"
"CROOKED RIVER POINT","McCALL"
"HEBGEN DAM","HEBGEN LAKE"
"PECK MOUNTAIN","McCALL"
"EARTHQUAKE LAKE","HEBGEN LAKE"
"FRUITVALE","McCALL"
"COLD SPRING SUMMIT","McCALL"
"NO BUSINESS MOUNTAIN","McCALL"
"LAKE FORK","McCALL"
"PADDY FLAT","PISTOL CREEK"
"BLACKMARE","PISTOL CREEK"
"WHITE ROCK PEAK","PISTOL CREEK"
"LOG MOUNTAIN","PISTOL CREEK"
"CHILCOOT PEAK","PISTOL CREEK"
"BIG CHIEF CREEK","PISTOL CREEK"
"BIG BALDY","PISTOL CREEK"
"PUNGO MOUNTAIN","PISTOL CREEK"
"NORTON RIDGE","CHALLIS"
"RAMEY HILL","CHALLIS"
"DEADMAN PASS","LEADORE"
"SLEEPING DEER MOUNTAIN","CHALLIS"
"BANNOCK PASS","LEADORE"
"GOAT MOUNTAIN","LEADORE"
"MEYERS COVE","CHALLIS"
"MEYERS COVE POINT","CHALLIS"
"LEMHI","LEADORE"
"HAYDEN CREEK","LEADORE"
"BLACK MOUNTAIN","CHALLIS"
"WARDS BUTTE","CHALLIS"
"LEM PEAK","LEADORE"
"ALLISON CREEK","LEADORE"
"HAT CREEK","CHALLIS"
"STURGILL CREEK","BAKER"
"NEIL GULCH","McCALL"
"ADVENT GULCH","McCALL"
"MADISON ARM","HEBGEN LAKE"
"RUSH PEAK","McCALL"
"TARGHEE PASS","HEBGEN LAKE"
"TARGHEE PEAK","HEBGEN LAKE"
"GOODRICH","McCALL"
"COUNCIL","McCALL"
"HIDDEN LAKE BENCH","HEBGEN LAKE"
"COUNCIL MOUNTAIN","McCALL"
"LONE TREE","McCALL"
"DONNELLY","McCALL"
"SLOANS POINT","PISTOL CREEK"
"GOLD FORK ROCK","PISTOL CREEK"
"WARM LAKE","PISTOL CREEK"
"LANDMARK","PISTOL CREEK"
"PISTOL LAKE","PISTOL CREEK"
"CHINOOK MOUNTAIN","PISTOL CREEK"
"ARTILLERY DOME","PISTOL CREEK"
"LITTLE SOLDIER MOUNTAIN","PISTOL CREEK"
"SLIDEROCK RIDGE","CHALLIS"
"TEPEE MOUNTAIN","LEADORE"
"RESERVOIR CREEK","LEADORE"
"FALCONBERRY PEAK","CHALLIS"
"ROCK CREEK","CHALLIS"
"LEADORE","LEADORE"
"WEST OF LEADORE","LEADORE"
"SHELDON PEAK","CHALLIS"
"WHITE GOAT MOUNTAIN","CHALLIS"
"STROUD CREEK","LEADORE"
"BLOWFLY CREEK","CHALLIS"
"MOGG MOUNTAIN","LEADORE"
"GOOSEBERRY CREEK","CHALLIS"
"MAY MOUNTAIN","LEADORE"
"ENNIS GULCH","LEADORE"
"ELLIS","CHALLIS"
"CONNOR CREEK","BAKER"
"MONROE BUTTE","BAKER"
"STURGILL PEAK","McCALL"
"JACK STRAW BASIN","HEBGEN LAKE"
"HOPPER CREEK","McCALL"
"REAS PASS","HEBGEN LAKE"
"CAMBRIDGE","McCALL"
"BIG SPRINGS","HEBGEN LAKE"
"EAST OF CAMBRIDGE","McCALL"
"SAWTELL PEAK","HEBGEN LAKE"
"INDIAN VALLEY","McCALL"
"MOUNT JEFFERSON","HEBGEN LAKE"
"KING HILL CREEK","McCALL"
"UPPER RED ROCK LAKE","HEBGEN LAKE"
"COLD SPRING RIDGE","McCALL"
"SLIDE MOUNTAIN","HEBGEN LAKE"
"CASCADE","McCALL"
"WINSLOW CREEK","HEBGEN LAKE"
"BIG TABLE MOUNTAIN","LIMA"
"EAGLE NEST","PISTOL CREEK"
"CORRAL CREEK","LIMA"
"ORO MOUNTAIN","PISTOL CREEK"
"RICE PEAK","PISTOL CREEK"
"MONIDA","LIMA"
"TYNDALL MEADOWS","PISTOL CREEK"
"HONEYMOON LAKE","PISTOL CREEK"
"GALLAGHER GULCH","LIMA"
"BIG SOLDIER MOUNTAIN","PISTOL CREEK"
"SOLDIER CREEK","PISTOL CREEK"
"GREYHOUND MOUNTAIN","PISTOL CREEK"
"PINYON PEAK","CHALLIS"
"MORRISON LAKE","LEADORE"
"CASTO","CHALLIS"
"POWDERHORN GULCH","LEADORE"
"PURCELL SPRING","LEADORE"
"SHERMAN PEAK","CHALLIS"
"CHALLIS CREEK LAKES","CHALLIS"
"SHEEPHORN PEAK","LEADORE"
"YELLOW PEAK","LEADORE"
"TWIN PEAKS","CHALLIS"
"PATS CREEK","CHALLIS"
"PATTERSON","LEADORE"
"CHALLIS","CHALLIS"
"EAST OF MAY","LEADORE"
"MAY","LEADORE"
"GROUSE PEAK","CHALLIS"
"HENLEY BASIN","BROGAN"
"OLDS FERRY NE","BROGAN"
"MANN CREEK NW","WEISER"
"BUFFALO LAKE NE","ASHTON"
"LATHAM SPRING","ASHTON"
"MIDVALE HILL","WEISER"
"MIDVALE","WEISER"
"ISLAND PARK","ASHTON"
"HOG CREEK BUTTE","WEISER"
"ISLAND PARK DAM","ASHTON"
"GRANGER BUTTE","WEISER"
"ICEHOUSE CREEK","ASHTON"
"TWIN SISTERS","WEISER"
"SHERIDAN RESERVOIR","ASHTON"
"ANTELOPE VALLEY","ASHTON"
"TRIPOD PEAK","WEISER"
"ALPHA","WEISER"
"KILGORE","ASHTON"
"SKUNK CREEK SUMMIT","DEADWOOD RIVER"
"LOOKOUT POINT","DUBOIS"
"BULL CREEK HOT SPRINGS","DEADWOOD RIVER"
"SPENCER NORTH","DUBOIS"
"PAUL RESERVOIR","DUBOIS"
"WILD BUCK PEAK","DEADWOOD RIVER"
"BERNARD MOUNTAIN","DEADWOOD RIVER"
"TEPEE DRAW","DUBOIS"
"EDIE CREEK","DUBOIS"
"BEAR VALLEY MOUNTAIN","DEADWOOD RIVER"
"FRITZ PEAK","DUBOIS"
"BLUE BUNCH MOUNTAIN","DEADWOOD RIVER"
"DEADMAN LAKE","DUBOIS"
"CAPE HORN LAKES","DEADWOOD RIVER"
"EIGHTEENMILE PEAK","DUBOIS"
"LANGER PEAK","DEADWOOD RIVER"
"KNAPP LAKES","WHITE CLOUD PEAKS"
"COTTONWOOD CREEK","BORAH PEAK"
"MOUNT JORDAN","WHITE CLOUD PEAKS"
"GILMORE SUMMIT","BORAH PEAK"
"CUSTER","WHITE CLOUD PEAKS"
"GILMORE","BORAH PEAK"
"IRON CREEK POINT","BORAH PEAK"
"ELEVENMILE CREEK","WHITE CLOUD PEAKS"
"BAYHORSE LAKE","WHITE CLOUD PEAKS"
"BIG CREEK PEAK","BORAH PEAK"
"BAYHORSE","WHITE CLOUD PEAKS"
"DONKEY HILLS NW","BORAH PEAK"
"MAHOGANY HILL","BORAH PEAK"
"BRADBURY FLAT","WHITE CLOUD PEAKS"
"MEADOW PEAK","BORAH PEAK"
"LITTLE ANTELOPE FLAT","WHITE CLOUD PEAKS"
"OLDS FERRY","BROGAN"
"PORTERS FLAT","BROGAN"
"WEISER NORTH","WEISER"
"BUFFALO LAKE","ASHTON"
"MANN CREEK SE","WEISER"
"BIG GRASSY","ASHTON"
"NUTMEG FLAT","WEISER"
"HATCHERY BUTTE","ASHTON"
"CRANE CREEK RESERVOIR","WEISER"
"LAST CHANCE","ASHTON"
"BISHOP MOUNTAIN","ASHTON"
"RILEY BUTTE","WEISER"
"DODSON PASS","WEISER"
"CRYSTAL BUTTE","ASHTON"
"PINE BUTTE","ASHTON"
"SAGE HEN RESERVOIR","WEISER"
"SMITHS FERRY","WEISER"
"IDMON","ASHTON"
"SIXMILE POINT","DEADWOOD RIVER"
"GARDNER LAKE","DUBOIS"
"BOILING SPRINGS","DEADWOOD RIVER"
"SPENCER SOUTH","DUBOIS"
"THUNDER GULCH","DUBOIS"
"DEADWOOD RESERVOIR","DEADWOOD RIVER"
"INDIAN CREEK","DUBOIS"
"WHITEHAWK MOUNTAIN","DEADWOOD RIVER"
"CACHE CREEK","DEADWOOD RIVER"
"ROCKY CREEK","DUBOIS"
"BULL TROUT POINT","DEADWOOD RIVER"
"HEART MOUNTAIN","DUBOIS"
"BANNER SUMMIT","DEADWOOD RIVER"
"SCOTT PEAK","DUBOIS"
"ITALIAN CANYON","DUBOIS"
"ELK MEADOW","DEADWOOD RIVER"
"BASIN BUTTE","WHITE CLOUD PEAKS"
"NICHOLIA","BORAH PEAK"
"COAL KILN CANYON","BORAH PEAK"
"EAST BASIN CREEK","WHITE CLOUD PEAKS"
"SUNBEAM","WHITE CLOUD PEAKS"
"BIG WINDY PEAK","BORAH PEAK"
"THOMPSON CREEK","WHITE CLOUD PEAKS"
"MOFFETT SPRINGS","BORAH PEAK"
"DONKEY CREEK","BORAH PEAK"
"CLAYTON","WHITE CLOUD PEAKS"
"SPRING HILL","BORAH PEAK"
"BALD MOUNTAIN","WHITE CLOUD PEAKS"
"DOUBLESPRING","BORAH PEAK"
"LONE PINE PEAK","WHITE CLOUD PEAKS"
"ANTELOPE FLAT","WHITE CLOUD PEAKS"
"GROUSE CREEK MOUNTAIN","BORAH PEAK"
"WICKIUP GULCH","BROGAN"
"BECHLER FALLS","ASHTON"
"WEISER SOUTH","WEISER"
"WARM RIVER BUTTE","ASHTON"
"WEISER COVE","WEISER"
"HOLLAND GULCH","WEISER"
"SNAKE RIVER BUTTE","ASHTON"
"LOOKOUT BUTTE","ASHTON"
"PADDOCK VALLEY RESERVOIR","WEISER"
"BLUE CREEK RESERVOIR","ASHTON"
"COONROD GULCH","WEISER"
"OLA","WEISER"
"SPLIT BUTTE","ASHTON"
"SPLIT ROCK","ASHTON"
"HIGH VALLEY","WEISER"
"SNOWSHOE BUTTE","ASHTON"
"PACKER JOHN MOUNTAIN","WEISER"
"DUBOIS NE","DUBOIS"
"PYLE CREEK","DEADWOOD RIVER"
"LIGHTNING RIDGE","DEADWOOD RIVER"
"DUBOIS NW","DUBOIS"
"LONE BUTTE","DUBOIS"
"SCOTT CREEK","DEADWOOD RIVER"
"MILLER MOUNTAIN WEST","DEADWOOD RIVER"
"SMALL","DUBOIS"
"MILLER MOUNTAIN EAST","DEADWOOD RIVER"
"LIDY HOT SPRINGS","DUBOIS"
"SHAMROCK GULCH","DUBOIS"
"EIGHTMILE MOUNTAIN","DEADWOOD RIVER"
"COPPER MOUNTAIN","DUBOIS"
"GRANDJEAN","DEADWOOD RIVER"
"STANLEY LAKE","DEADWOOD RIVER"
"BLUE DOME","DUBOIS"
"DIAMOND PEAK","BORAH PEAK"
"STANLEY","WHITE CLOUD PEAKS"
"BELL MOUNTAIN","BORAH PEAK"
"CASINO LAKES","WHITE CLOUD PEAKS"
"ROBINSON BAR","WHITE CLOUD PEAKS"
"MULKEY BAR","BORAH PEAK"
"LIVINGSTON CREEK","WHITE CLOUD PEAKS"
"RED HILLS","BORAH PEAK"
"POTAMAN PEAK","WHITE CLOUD PEAKS"
"SHORT CREEK","BORAH PEAK"
"ZIEGLER BASIN","WHITE CLOUD PEAKS"
"BURNT CREEK","BORAH PEAK"
"THE PAINT POT","WHITE CLOUD PEAKS"
"BORAH PEAK","BORAH PEAK"
"HORSE BASIN","WHITE CLOUD PEAKS"
"DICKEY PEAK","BORAH PEAK"
"SHEEP FALLS","ASHTON"
"PAYETTE","WEISER"
"PORCUPINE LAKE","ASHTON"
"BIRDING ISLAND","WEISER"
"SHEEP RIDGE","WEISER"
"WARM RIVER","ASHTON"
"HOG COVE BUTTE","WEISER"
"ASHTON","ASHTON"
"SQUAW BUTTE","WEISER"
"LEMON LAKE","ASHTON"
"BLACK KNOLL","ASHTON"
"WEBB CREEK","WEISER"
"BIG GRASSY RIDGE SE","ASHTON"
"DRY BUCK VALLEY","WEISER"
"BIG GRASSY RIDGE","ASHTON"
"BANKS","WEISER"
"GARDEN VALLEY","DEADWOOD RIVER"
"DUBOIS SE","DUBOIS"
"GRIMES PASS","DEADWOOD RIVER"
"CAMAS","DUBOIS"
"PINE FLAT","DEADWOOD RIVER"
"CEDAR BUTTE SE","DUBOIS"
"LOWMAN","DEADWOOD RIVER"
"CEDAR BUTTE SW","DUBOIS"

The free trial of MDB ACCDB Viewer exports only half of the records in each table.
