"Countyname","24kQuad"
"Shoshone","WALLACE"
"Shoshone","MULLAN"
"Shoshone","LOOKOUT PASS"
"Shoshone","SALTESE"
"Benewah","TEKOA MOUNTAIN"
"Kootenai","TEKOA MOUNTAIN"
"Benewah","PLUMMER"
"Kootenai","PLUMMER"
"Benewah","CHATCOLET"
"Kootenai","CHATCOLET"
"Benewah","BENEWAH LAKE"
"Kootenai","BENEWAH LAKE"
"Benewah","ST. MARIES"
"Benewah","ST. JOE BALDY"
"Benewah","ST. JOE"
"Shoshone","ST. JOE"
"Shoshone","CALDER"
"Shoshone","MARBLE CREEK"
"Shoshone","MASTODON MOUNTAIN"
"Shoshone","AVERY"
"Shoshone","SHEFOOT MOUNTAIN"
"Shoshone","ADAIR"
"Shoshone","MCGEE PEAK"
"Shoshone","DE BORGIA SOUTH"
"Latah","TEKOA"
"Benewah","TEKOA"
"Latah","TENSED"
"Benewah","TENSED"
"Benewah","BENEWAH"
"Benewah","ALDER CREEK FLATS"
"Benewah","LINDSTROM PEAK"
"Benewah","SANTA"
"Benewah","CRYSTAL PEAK"
"Shoshone","CRYSTAL PEAK"
"Shoshone","HUCKLEBERRY MOUNTAIN"
"Shoshone","MARBLE MOUNTAIN"
"Shoshone","HOYT MOUNTAIN"
"Shoshone","FISHHOOK CREEK"
"Shoshone","THREE SISTERS"
"Shoshone","THOR MOUNTAIN"
"Shoshone","CONRAD PEAK"
"Shoshone","BERGE PEAK"
"Shoshone","TORINO PEAK"
"Latah","FARMINGTON"
"Latah","MISSION MOUNTAIN"
"Benewah","MISSION MOUNTAIN"
"Latah","SANDERS"
"Benewah","SANDERS"
"Latah","WEST DENNIS"
"Benewah","WEST DENNIS"
"Latah","EMIDA"
"Benewah","EMIDA"
"Latah","FERNWOOD"
"Benewah","FERNWOOD"
"Latah","CLARKIA"
"Benewah","CLARKIA"
"Shoshone","CLARKIA"
"Shoshone","MERRY CREEK"
"Shoshone","GRANDMOTHER MOUNTAIN"
"Shoshone","WIDOW MOUNTAIN"
"Shoshone","MONUMENTAL BUTTES"
"Shoshone","MONTANA PEAK"
"Shoshone","BATHTUB MOUNTAIN"
"Shoshone","PEGGY PEAK"
"Shoshone","RED IVES PEAK"
"Shoshone","SHERLOCK PEAK"
"Shoshone","ILLINOIS PEAK"
"Latah","PALOUSE"
"Latah","POTLATCH"
"Latah","PRINCETON"
"Latah","HARVARD"
"Latah","SAND MOUNTAIN"
"Latah","ABES KNOB"
"Latah","BECHTEL BUTTE"
"Clearwater","BECHTEL BUTTE"
"Shoshone","BECHTEL BUTTE"
"Clearwater","ANTHONY PEAK"
"Shoshone","ANTHONY PEAK"
"Clearwater","GRICE RIDGE"
"Shoshone","GRICE RIDGE"
"Clearwater","PINCHOT BUTTE"
"Shoshone","PINCHOT BUTTE"
"Clearwater","LITTLE GOAT MOUNTAINS"
"Shoshone","LITTLE GOAT MOUNTAINS"
"Clearwater","BUZZARD ROOST"
"Shoshone","BUZZARD ROOST"
"Clearwater","MALLARD PEAK"
"Shoshone","MALLARD PEAK"
"Clearwater","POLE MOUNTAIN"
"Shoshone","POLE MOUNTAIN"
"Clearwater","BACON PEAK"
"Shoshone","BACON PEAK"
"Clearwater","CHAMBERLAIN MOUNTAIN"
"Shoshone","CHAMBERLAIN MOUNTAIN"
"Clearwater","HOODOO PASS"
"Shoshone","HOODOO PASS"
"Clearwater","STRAIGHT PEAK"
"Shoshone","STRAIGHT PEAK"
"Latah","VIOLA"
"Latah","ROBINSON LAKE"
"Latah","MOSCOW MOUNTAIN"
"Latah","STANFORD"
"Latah","DEARY"
"Latah","BOVILL"
"Latah","McGARY BUTTE"
"Clearwater","McGARY BUTTE"
"Clearwater","ELK RIVER"
"Clearwater","ELK BUTTE"
"Clearwater","TOWNSHIP BUTTE"
"Clearwater","BERTHA HILL"
"Clearwater","THOMPSON POINT"
"Clearwater","SHEEP MOUNTAIN"
"Clearwater","THE NUB"
"Clearwater","ELIZABETH LAKE"
"Clearwater","MOOSE MOUNTAIN"
"Clearwater","OSIER RIDGE"
"Clearwater","BRUIN HILL"
"Clearwater","SCHLEY MOUNTAIN"
"Latah","MOSCOW WEST"
"Latah","MOSCOW EAST"
"Latah","TROY"
"Latah","LITTLE BEAR RIDGE"
"Nez Perce","LITTLE BEAR RIDGE"
"Latah","TEXAS RIDGE"
"Nez Perce","TEXAS RIDGE"
"Latah","PARK"
"Clearwater","PARK"
"Nez Perce","PARK"
"Latah","ALDERMAND RIDGE"
"Clearwater","ALDERMAND RIDGE"
"Clearwater","ELK CREEK FALLS"
"Clearwater","LITTLE GREEN MOUNTAIN"
"Clearwater","JOHN LEWIS MOUNTAIN"
"Clearwater","HEADQUARTERS"
"Clearwater","BROWNS ROCK"
"Clearwater","CLARKE MOUNTAIN"
"Clearwater","POT MOUNTAIN"
"Clearwater","JUNCTION MOUNTAIN"
"Clearwater","SCURVY MOUNTAIN"
"Clearwater","GORMAN HILL"
"Clearwater","TOBOGGAN RIDGE"
"Clearwater","RHODES PEAK"
"Clearwater","GRANITE PASS"
"Idaho","GRANITE PASS"
"Clearwater","LOLO HOT SPRINGS"
"Idaho","LOLO HOT SPRINGS"
"Idaho","WEST FORK BUTTE"
"Idaho","DICK CREEK"
"Latah","UNIONTOWN"
"Nez Perce","UNIONTOWN"
"Latah","GENESEE"
"Nez Perce","GENESEE"
"Latah","GREEN KNOB"
"Nez Perce","GREEN KNOB"
"Latah","JULIAETTA"
"Nez Perce","JULIAETTA"
"Nez Perce","LENORE"
"Clearwater","SOUTHWICK"
"Nez Perce","SOUTHWICK"
"Clearwater","AHSAHKA"
"Nez Perce","AHSAHKA"
"Clearwater","DENT"
"Clearwater","GRANGEMONT"
"Clearwater","WHISKEY BUTTE"
"Clearwater","JAYPE"
"Clearwater","FRENCH MOUNTAIN"
"Clearwater","LARCH BUTTE"
"Clearwater","LEAN-TO POINT"
"Idaho","LEAN-TO POINT"
"Clearwater","COOK MOUNTAIN"
"Idaho","COOK MOUNTAIN"
"Clearwater","LOOKOUT PEAK"
"Idaho","LOOKOUT PEAK"
"Clearwater","HORSESHOE LAKE"
"Idaho","HORSESHOE LAKE"
"Clearwater","INDIAN POSTOFFICE"
"Idaho","INDIAN POSTOFFICE"
"Clearwater","CAYUSE JUNCTION"
"Idaho","CAYUSE JUNCTION"
"Clearwater","ROCKY POINT"
"Idaho","ROCKY POINT"
"Idaho","ROUNDTOP"
"Idaho","RANGER PEAK"
"Idaho","SAINT JOSEPH PEAK"
"Nez Perce","CLARKSTON, WASHINGTON"
"Nez Perce","LEWISTON ORCHARDS NORTH"
"Nez Perce","LAPWAI"
"Nez Perce","CULDESAC NORTH"
"Nez Perce","GIFFORD"
"Clearwater","PECK"
"Nez Perce","PECK"
"Lewis","PECK"
"Clearwater","OROFINO WEST"
"Nez Perce","OROFINO WEST"
"Lewis","OROFINO WEST"
"Clearwater","OROFINO EAST"
"Lewis","OROFINO EAST"
"Clearwater","RUDO"
"Clearwater","WEIPPE NORTH"
"Clearwater","PIERCE"
"Clearwater","HEMLOCK BUTTE"
"Idaho","HEMLOCK BUTTE"
"Clearwater","SNOWY SUMMIT"
"Idaho","SNOWY SUMMIT"
"Clearwater","WEITAS BUTTE"
"Idaho","WEITAS BUTTE"
"Idaho","LIZ BUTTE"
"Idaho","HOLLY CREEK"
"Idaho","GREYSTONE BUTTE"
"Idaho","BEAR MOUNTAIN"
"Idaho","TOM BEAL PEAK"
"Idaho","GRAVE PEAK"
"Idaho","SAVAGE RIDGE"
"Idaho","WHITE SAND LAKE"
"Idaho","GASH POINT"
"Nez Perce","ASOTIN"
"Nez Perce","LEWISTON ORCHARDS SOUTH"
"Nez Perce","SWEETWATER"
"Nez Perce","CULDESAC SOUTH"
"Lewis","CULDESAC SOUTH"
"Nez Perce","REUBENS"
"Lewis","REUBENS"
"Nez Perce","FLETCHER"
"Lewis","FLETCHER"
"Nez Perce","MOHLER"
"Lewis","MOHLER"
"Butte","HOWE"
"Bonner","NAPLES"
"Boundary","TWENTYMILE CREEK"
"Bonner","TWENTYMILE CREEK"
"Boundary","CLIFTY MOUNTAIN"
"Bonner","CLIFTY MOUNTAIN"
"Boundary","LEONIA"
"Bonner","LEONIA"
"Bonner","GALENA POINT"
"Bonner","OUTLET BAY"
"Bonner","COOLIN"
"Bonner","MOUNT CASEY"
"Bonner","COLBURN"
"Bonner","ELMIRA"
"Bonner","WYLIE KNOB"
"Bonner","MOUNT PEND OREILLE"
"Bonner","SMITH MOUNTAIN"
"Bonner","BEAD LAKE"
"Bonner","QUARTZ MOUNTAIN"
"Bonner","PRATER MOUNTAIN"
"Bonner","HAPPY FORK GAP"
"Bonner","SANDPOINT"
"Bonner","ODEN BAY"
"Bonner","TROUT PEAK"
"Bonner","TRESTLE PEAK"
"Bonner","BENNING MOUNTAIN"
"Bonner","NEWPORT"
"Bonner","PRIEST RIVER"
"Bonner","LACLEDE"
"Bonner","MORTON"
"Bonner","SAGLE"
"Bonner","TALACHE"
"Bonner","HOPE"
"Bonner","CLARK FORK"
"Bonner","SCOTCHMAN PEAK"
"Bonner","TWEEDIE"
"Bonner","BLANCHARD"
"Bonner","EDGEMERE"
"Bonner","CAREYWOOD"
"Bonner","COCOLALLA"
"Bonner","MINERVA PEAK"
"Bonner","PACKSADDLE MOUNTAIN"
"Shoshone","PACKSADDLE MOUNTAIN"
"Bonner","DERR POINT"
"Shoshone","DERR POINT"
"Bonner","CABINET"
"Shoshone","CABINET"
"Bonner","MOUNT SPOKANE"
"Kootenai","MOUNT SPOKANE"
"Bonner","SPIRIT LAKE WEST"
"Kootenai","SPIRIT LAKE WEST"
"Bonner","SPIRIT LAKE EAST"
"Kootenai","SPIRIT LAKE EAST"
"Bonner","ATHOL"
"Kootenai","ATHOL"
"Bonner","BAYVIEW"
"Kootenai","BAYVIEW"
"Bonner","LAKEVIEW"
"Kootenai","LAKEVIEW"
"Bonner","FASET PEAK"
"Shoshone","FASET PEAK"
"Kootenai","FASET PEAK"
"Shoshone","CATHEDRAL PEAK"
"Bonner","JORDAN CREEK"
"Shoshone","JORDAN CREEK"
"Shoshone","GEM PEAK"
"Kootenai","NEWMAN LAKE"
"Kootenai","RATHDRUM"
"Kootenai","HAYDEN"
"Kootenai","HAYDEN LAKE"
"Kootenai","SPADES MOUNTAIN"
"Kootenai","CATARACT PEAK"
"Shoshone","LAMB PEAK"
"Kootenai","LAMB PEAK"
"Shoshone","SPYGLASS PEAK"
"Shoshone","POND PEAK"
"Shoshone","TAYLOR PEAK"
"Shoshone","BLOOM PEAK"
"Kootenai","LIBERTY LAKE"
"Kootenai","POST FALLS"
"Kootenai","COEUR D'ALENE"
"Kootenai","FERNAN LAKE"
"Kootenai","WOLF LODGE"
"Kootenai","SKITWISH PEAK"
"Shoshone","BUMBLEBEE PEAK"
"Kootenai","BUMBLEBEE PEAK"
"Shoshone","STEAMBOAT CREEK"
"Shoshone","GRIZZLY MOUNTAIN"
"Shoshone","PRICHARD"
"Shoshone","MURRAY"
"Shoshone","BLACK PEAK"
"Kootenai","MICA PEAK"
"Kootenai","ROCKFORD BAY"
"Kootenai","MICA BAY"
"Kootenai","MOUNT COEUR D'ALENE"
"Kootenai","LANE"
"Kootenai","ROSE LAKE"
"Shoshone","CATALDO"
"Kootenai","CATALDO"
"Shoshone","KELLOGG WEST"
"Shoshone","KELLOGG EAST"
"Shoshone","OSBURN"
"Shoshone","BURKE"
"Shoshone","THOMPSON PASS"
"Kootenai","SETTERS"
"Kootenai","WORLEY"
"Benewah","HARRISON"
"Kootenai","HARRISON"
"Benewah","BLACK LAKE"
"Kootenai","BLACK LAKE"
"Benewah","MEDIMONT"
"Kootenai","MEDIMONT"
"Benewah","ROCHAT PEAK"
"Kootenai","ROCHAT PEAK"
"Benewah","TWIN CRAGS"
"Shoshone","TWIN CRAGS"
"Kootenai","TWIN CRAGS"
"Shoshone","MASONIA"
"Shoshone","POLARIS PEAK"
"Clearwater","SIXMILE CREEK"
"Idaho","SIXMILE CREEK"
"Lewis","SIXMILE CREEK"
"Clearwater","WOODLAND"
"Idaho","WOODLAND"
"Lewis","WOODLAND"
"Clearwater","WEIPPE SOUTH"
"Idaho","WEIPPE SOUTH"
"Clearwater","BROWN CREEK RIDGE"
"Idaho","BROWN CREEK RIDGE"
"Clearwater","MUSSELSHELL"
"Idaho","MUSSELSHELL"
"Idaho","BOUNDARY PEAK"
"Idaho","McLENDON BUTTE"
"Idaho","HUCKLEBERRY BUTTE"
"Idaho","GREENSIDE BUTTE"
"Idaho","FISH LAKE"
"Idaho","McCONNELL MOUNTAIN"
"Idaho","HUNGRY ROCK"
"Idaho","CEDAR RIDGE"
"Idaho","JEANETTE MOUNTAIN"
"Idaho","BLODGETT MOUNTAIN"
"Nez Perce","CAPTAIN JOHN RAPIDS"
"Nez Perce","WAHA"
"Nez Perce","WINCHESTER WEST"
"Lewis","WINCHESTER WEST"
"Idaho","WINCHESTER EAST"
"Lewis","WINCHESTER EAST"
"Idaho","CRAIGMONT"
"Lewis","CRAIGMONT"
"Idaho","COTTONWOOD NE"
"Lewis","COTTONWOOD NE"
"Idaho","NEZPERCE"
"Lewis","NEZPERCE"
"Idaho","KAMIAH"
"Lewis","KAMIAH"
"Idaho","KOOSKIA"
"Idaho","GLENWOOD"
"Idaho","SYRINGA"
"Idaho","LOWELL"
"Idaho","COOLWATER MOUNTAIN"
"Idaho","CHIMNEY PEAK"
"Idaho","FENN MOUNTAIN"
"Idaho","BIG ROCK MOUNTAIN"
"Idaho","SHISSLER PEAK"
"Idaho","FREEMAN PEAK"
"Idaho","WAHOO PEAK"
"Idaho","SADDLE MOUNTAIN"
"Idaho","TENMILE LAKE"
"Nez Perce","LIMEKILN RAPIDS"
"Nez Perce","FRYE POINT"
"Idaho","HOOVER POINT"
"Nez Perce","HOOVER POINT"
"Lewis","HOOVER POINT"
"Idaho","WESTLAKE"
"Lewis","WESTLAKE"
"Idaho","KEUTERVILLE"
"Lewis","KEUTERVILLE"
"Idaho","COTTONWOOD"
"Idaho","NEZPERCE SW"
"Idaho","NEZPERCE SE"
"Idaho","STITES"
"Idaho","BIG CEDAR"
"Idaho","LODGE POINT"
"Idaho","GODDARD POINT"
"Idaho","STILLMAN POINT"
"Idaho","SELWAY FALLS"
"Idaho","FOG MOUNTAIN"
"Idaho","MINK PEAK"
"Idaho","MOOSE RIDGE"
"Idaho","DOG CREEK"
"Idaho","TWIN BUTTE"
"Idaho","HUNTER PEAK"
"Idaho","EL CAPITAN"
"Nez Perce","JIM CREEK BUTTE"
"Idaho","WAPSHILLA CREEK"
"Nez Perce","WAPSHILLA CREEK"
"Idaho","RATTLESNAKE RIDGE"
"Nez Perce","RATTLESNAKE RIDGE"
"Lewis","RATTLESNAKE RIDGE"
"Idaho","BOLES"
"Lewis","BOLES"
"Idaho","MOUGHMER POINT"
"Idaho","FENN"
"Idaho","GRANGEVILLE WEST"
"Idaho","GRANGEVILLE EAST"
"Idaho","HARPSTER"
"Idaho","CORRAL HILL"
"Idaho","PILOT KNOB"
"Idaho","IRON MOUNTAIN"
"Idaho","LICK POINT"
"Idaho","ANDERSON BUTTE"
"Idaho","VERMILION PEAK"
"Idaho","RUNNING LAKE"
"Idaho","WYLIES PEAK"
"Idaho","GARDINER PEAK"
"Idaho","MOUNT GEORGE"
"Idaho","MOUNT PALOMA"
"Idaho","TIN CUP LAKE"
"Idaho","DEADHORSE RIDGE"
"Nez Perce","DEADHORSE RIDGE"
"Idaho","CACTUS MOUNTAIN"
"Nez Perce","CACTUS MOUNTAIN"
"Idaho","WOLF CREEK"
"Idaho","JOSEPH"
"Idaho","WHITE BIRD"
"Idaho","WHITE BIRD HILL"
"Idaho","GOODWIN MEADOWS"
"Idaho","HUNGRY RIDGE"
"Idaho","HUDDLESON BLUFF"
"Idaho","GOLDEN"
"Idaho","CENTER STAR MOUNTAIN"
"Idaho","ELK CITY"
"Idaho","BLACK HAWK MOUNTAIN"
"Idaho","SABLE HILL"
"Idaho","GREEN MOUNTAIN"
"Idaho","THREE PRONG MOUNTAIN"
"Idaho","SPOT MOUNTAIN"
"Idaho","BURNT STRIP MOUNTAIN"
"Idaho","WATCHTOWER PEAK"
"Idaho","MOUNT JERUSALEM"
"Idaho","LORD FLAT"
"Idaho","GRAVE POINT"
"Idaho","SLATE CREEK"
"Idaho","MCKINZIE CREEK"
"Idaho","DAIRY MOUNTAIN"
"Idaho","SAWYER RIDGE"
"Idaho","SOURDOUGH PEAK"
"Idaho","NORTH POLE"
"Idaho","OROGRANDE"
"Idaho","MOOSE BUTTE"
"Idaho","TRAPPER CREEK"
"Idaho","BOSTON MOUNTAIN"
"Idaho","SPREAD CREEK POINT"
"Idaho","SABE MOUNTAIN"
"Idaho","MAGRUDER MOUNTAIN"
"Idaho","BEAVER JACK MOUNTAIN"
"Idaho","NEZ PERCE PEAK"
"Idaho","BARE CONE"
"Lemhi","OVERWHICH FALLS"
"Lemhi","LOST TRAIL PASS"
"Idaho","TEMPERANCE CREEK"
"Idaho","KIRKWOOD CREEK"
"Idaho","LUCILE"
"Idaho","JOHN DAY MOUNTAIN"
"Idaho","FLORENCE"
"Idaho","HANOVER MOUNTAIN"
"Idaho","MARBLE BUTTE"
"Idaho","BUFFALO HUMP"
"Idaho","SILVER SPUR RIDGE"
"Idaho","DIXIE"
"Idaho","WHITEWATER RANCH"
"Idaho","HIDA POINT"
"Idaho","SHEEP HILL"
"Idaho","DENNIS MOUNTAIN"
"Idaho","STRIPE MOUNTAIN"
"Lemhi","STRIPE MOUNTAIN"
"Idaho","WOOD HUMP"
"Lemhi","WOOD HUMP"
"Idaho","BLUE JOINT"
"Lemhi","BLUE JOINT"
"Lemhi","HORSE CREEK PASS"
"Lemhi","ALTA"
"Lemhi","HENDERSON RIDGE"
"Lemhi","BIG HOLE PASS"
"Lemhi","ALLAN MOUNTAIN"
"Lemhi","GIBBONSVILLE"
"Idaho","HAT POINT"
"Idaho","OLD TIMER MOUNTAIN"
"Idaho","KESSLER CREEK"
"Idaho","RIGGINS"
"Idaho","RIGGINS HOT SPRINGS"
"Idaho","KELLY MOUNTAIN"
"Idaho","CAREY DOME"
"Idaho","JOHNSON BUTTE"
"Idaho","COTTONTAIL POINT"
"Idaho","Mackay Bar"
"Idaho","FIVEMILE BAR"
"Idaho","SHEEPEATER MOUNTAIN"
"Idaho","MEADOW OF DOUBT"
"Idaho","ARCTIC POINT"
"Idaho","DEVILS TEETH RAPIDS"
"Idaho","WAUGH MOUNTAIN"
"Lemhi","WAUGH MOUNTAIN"
"Idaho","SQUARE TOP"
"Lemhi","SQUARE TOP"
"Lemhi","HORSE CREEK BUTTE"
"Lemhi","TINCUP HILL"
"Lemhi","SHOUP"
"Lemhi","JUMBO MOUNTAIN"
"Lemhi","SHEWAG LAKE"
"Lemhi","ULYSSES"
"Lemhi","NORTH FORK"
"Lemhi","ULYSSES MOUNTAIN"
"Idaho","SQUIRREL PRAIRIE"
"Adams","SQUIRREL PRAIRIE"
"Idaho","HE DEVIL"
"Adams","HE DEVIL"
"Idaho","HEAVENS GATE"
"Adams","HEAVENS GATE"
"Idaho","POLLOCK"
"Adams","POLLOCK"
"Idaho","PATRICK BUTTE"
"Idaho","HERSHEY POINT"
"Idaho","BURGDORF"
"Idaho","WAR EAGLE MOUNTAIN"
"Idaho","WARREN"
"Idaho","BURGDORF SUMMIT"
"Idaho","CHICKEN PEAK"
"Idaho","MOSQUITO PEAK"
"Idaho","LODGEPOLE CREEK"
"Idaho","WAPITI CREEK"
"Idaho","COLD MEADOWS"
"Idaho","COTTONWOOD BUTTE"
"Idaho","BUTTS CREEK POINT"
"Lemhi","BUTTS CREEK POINT"
"Idaho","LONG TOM MOUNTAIN"
"Lemhi","LONG TOM MOUNTAIN"
"Lemhi","BIGHORN CRAGS"
"Lemhi","PINE CREEK RAPIDS"
"Lemhi","HOMER YOUNGS PEAK"
"Lemhi","PINE CREEK RIDGE"
"Lemhi","BADGER SPRING GULCH"
"Lemhi","BIRD CREEK"
"Lemhi","NAPOLEON HILL"
"Adams","WHITE MONUMENT"
"Adams","PURGATORY SADDLE"
"Adams","POLLOCK MOUNTAIN"
"Idaho","INDIAN MOUNTAIN"
"Adams","INDIAN MOUNTAIN"
"Valley","HAZARD LAKE"
"Idaho","HAZARD LAKE"
"Valley","BLACK TIP"
"Idaho","BLACK TIP"
"Valley","VICTOR PEAK"
"Idaho","VICTOR PEAK"
"Valley","LOON LAKE"
"Idaho","LOON LAKE"
"Valley","PONY MEADOWS"
"Idaho","PONY MEADOWS"
"Valley","PILOT PEAK"
"Idaho","PILOT PEAK"
"Valley","WOLF FANG PEAK"
"Idaho","WOLF FANG PEAK"
"Valley","BIG CREEK"
"Idaho","BIG CREEK"
"Valley","BISMARK MOUNTAIN"
"Idaho","BISMARK MOUNTAIN"
"Valley","ACORN BUTTE"
"Idaho","ACORN BUTTE"
"Jefferson","MARKET LAKE NE"
"Boise","PLACERVILLE"
"Boise","PIONEERVILLE"
"Fremont","HAMER"
"Jefferson","HAMER"
"Boise","SUNSET MOUNTAIN"
"Jefferson","RAYS LAKE"
"Boise","BIG OWL CREEK"
"Elmore","BIG OWL CREEK"
"Jefferson","MUD LAKE NW"
"Jefferson","MONTEVIEW"
"Boise","BEAR RIVER"
"Elmore","BEAR RIVER"
"Boise","SWANHOLM PEAK"
"Elmore","SWANHOLM PEAK"
"Clark","CIRCULAR BUTTE NW"
"Butte","CIRCULAR BUTTE NW"
"Jefferson","CIRCULAR BUTTE NW"
"Boise","NAHNEKE MOUNTAIN"
"Elmore","NAHNEKE MOUNTAIN"
"Clark","RICHARD BUTTE"
"Butte","RICHARD BUTTE"
"Clark","TYLER PEAK"
"Butte","TYLER PEAK"
"Boise","MOUNT EVERLY"
"Elmore","MOUNT EVERLY"
"Butte","HOWE NE"
"Boise","SNOWYSIDE PEAK"
"Custer","SNOWYSIDE PEAK"
"Elmore","SNOWYSIDE PEAK"
"Blaine","SNOWYSIDE PEAK"
"Butte","HOWE NW"
"Custer","ALTURAS LAKE"
"Blaine","ALTURAS LAKE"
"Custer","HORTON PEAK"
"Blaine","HORTON PEAK"
"Butte","SUNSET PEAK"
"Custer","GALENA PEAK"
"Blaine","GALENA PEAK"
"Butte","METHODIST CREEK"
"Custer","METHODIST CREEK"
"Custer","Mackay"
"Custer","RYAN PEAK"
"Blaine","RYAN PEAK"
"Custer","MERIDIAN PEAK"
"Blaine","MERIDIAN PEAK"
"Custer","Mackay Reservoir"
"Custer","LEHMAN BUTTE"
"Custer","HERD PEAK"
"Custer","HARRY CANYON"
"Custer","PORPHYRY PEAK"
"Canyon","OWYHEE"
"Payette","PARMA"
"Canyon","PARMA"
"Teton","CLAWSON"
"Teton","TETONIA"
"Payette","PARMA SE"
"Canyon","PARMA SE"
"Teton","PACKSADDLE LAKE"
"Payette","SAND HOLLOW"
"Gem","SAND HOLLOW"
"Canyon","SAND HOLLOW"
"Ada","SOUTHWEST EMMETT"
"Gem","SOUTHWEST EMMETT"
"Canyon","SOUTHWEST EMMETT"
"Teton","WRIGHT CREEK"
"Madison","WRIGHT CREEK"
"Madison","WHITE OWL BUTTE"
"Ada","SOUTHEAST EMMETT"
"Gem","SOUTHEAST EMMETT"
"Madison","MOODY"
"Boise","PEARL"
"Ada","PEARL"
"Gem","PEARL"
"Madison","REXBURG"
"Boise","CARTWRIGHT CANYON"
"Ada","CARTWRIGHT CANYON"
"Boise","SHAFER BUTTE"
"Jefferson","MENAN BUTTES"
"Madison","MENAN BUTTES"
"Jefferson","DEER PARKS"
"Boise","WARM SPRINGS POINT"
"Jefferson","MARKET LAKE"
"Boise","IDAHO CITY"
"Boise","RABBIT CREEK SUMMIT"
"Elmore","RABBIT CREEK SUMMIT"
"Jefferson","MUD LAKE SE"
"Boise","BARBER FLAT"
"Elmore","BARBER FLAT"
"Jefferson","TERRETON"
"Elmore","GRAND MOUNTAIN"
"Jefferson","ANTELOPE BUTTE"
"Butte","CIRCULAR BUTTE"
"Jefferson","CIRCULAR BUTTE"
"Elmore","PHIFER CREEK"
"Butte","BIG LOST RIVER SINKS"
"Elmore","ATLANTA WEST"
"Butte","LITTLE LOST RIVER SINKS"
"Camas","ATLANTA EAST"
"Elmore","ATLANTA EAST"
"Valley","VINEGAR HILL"
"Idaho","VINEGAR HILL"
"Valley","PAPOOSE PEAK"
"Idaho","PAPOOSE PEAK"
"Valley","AGGIPAH MOUNTAIN"
"Idaho","AGGIPAH MOUNTAIN"
"Lemhi","AGGIPAH MOUNTAIN"
"Lemhi","MOUNT McGUIRE"
"Lemhi","GANT RIDGE"
"Lemhi","GOLDSTONE PASS"
"Lemhi","BOHANNON SPRING"
"Lemhi","GANT MOUNTAIN"
"Lemhi","JUREANO MOUNTAIN"
"Lemhi","EAST OF SALMON"
"Lemhi","SALMON"
"Lemhi","LEESBURG"
"Adams","HOMESTEAD"
"Adams","CUPRUM"
"Adams","BUTTERFIELD GULCH"
"Adams","RAILROAD SADDLE"
"Idaho","BALLY MOUNTAIN"
"Adams","BALLY MOUNTAIN"
"Valley","BRUNDAGE MOUNTAIN"
"Idaho","BRUNDAGE MOUNTAIN"
"Adams","BRUNDAGE MOUNTAIN"
"Valley","GRANITE LAKE"
"Adams","GRANITE LAKE"
"Valley","BOX LAKE"
"Valley","ENOS LAKE"
"Valley","WILLIAMS PEAK"
"Valley","PARKS PEAK"
"Valley","PROFILE GAP"
"Valley","EDWARDSBURG"
"Valley","CENTER MOUNTAIN"
"Valley","MONUMENT"
"Valley","MORMON MOUNTAIN"
"Valley","DAVE LEWIS PEAK"
"Valley","PUDDIN MOUNTAIN"
"Lemhi","PUDDIN MOUNTAIN"
"Lemhi","KITTY CREEK"
"Lemhi","HOODOO MEADOWS"
"Lemhi","BLACKBIRD MOUNTAIN"
"Lemhi","GOLDSTONE MOUNTAIN"
"Lemhi","BAKER"
"Lemhi","BLACKBIRD CREEK"
"Lemhi","COBALT"
"Lemhi","SAL MOUNTAIN"
"Lemhi","WILLIAMS LAKE"
"Lemhi","LAKE MOUNTAIN"
"Adams","OXBOW"
"Adams","ROCKY COMFORT FLAT"
"Adams","WEASEL GULCH"
"Adams","TAMARACK"
"Adams","NEW MEADOWS"
"Valley","MEADOWS"
"Adams","MEADOWS"
"Valley","MCCALL"
"Adams","MCCALL"
"Valley","FITSUM SUMMIT"
"Valley","FITSUM PEAK"
"Valley","TEAPOT MOUNTAIN"
"Valley","CATON LAKE"
"Valley","YELLOW PINE"
"Valley","STIBNITE"
"Valley","RAINBOW PEAK"
"Valley","SAFETY CREEK"
"Valley","SHELLROCK PEAK"
"Valley","BEAR CREEK POINT"
"Lemhi","BEAR CREEK POINT"
"Valley","APAREJO POINT"
"Lemhi","APAREJO POINT"
"Lemhi","LEMHI PASS"
"Lemhi","Yellowjacket"
"Lemhi","DUCK CREEK POINT"
"Lemhi","AGENCY CREEK"
"Lemhi","TENDOY"
"Lemhi","OPAL LAKE"
"Lemhi","TAYLOR MOUNTAIN"
"Custer","TAYLOR MOUNTAIN"
"Lemhi","POISON PEAK"
"Lemhi","GOLDBUG RIDGE"
"Lemhi","DEGAN MOUNTAIN"
"Washington","POSY VALLEY"
"Adams","BROWNLEE DAM"
"Washington","BROWNLEE DAM"
"Adams","CUDDY MOUNTAIN"
"Washington","CUDDY MOUNTAIN"
"Adams","CROOKED RIVER POINT"
"Washington","CROOKED RIVER POINT"
"Fremont","HEBGEN DAM"
"Adams","PECK MOUNTAIN"
"Washington","PECK MOUNTAIN"
"Fremont","EARTHQUAKE LAKE"
"Adams","FRUITVALE"
"Adams","COLD SPRING SUMMIT"
"Valley","NO BUSINESS MOUNTAIN"
"Adams","NO BUSINESS MOUNTAIN"
"Valley","LAKE FORK"
"Valley","PADDY FLAT"
"Valley","BLACKMARE"
"Valley","WHITE ROCK PEAK"
"Valley","LOG MOUNTAIN"
"Valley","CHILCOOT PEAK"
"Valley","BIG CHIEF CREEK"
"Valley","BIG BALDY"
"Valley","PUNGO MOUNTAIN"
"Custer","PUNGO MOUNTAIN"
"Lemhi","MT"
"Valley","NORTON RIDGE"
"Custer","NORTON RIDGE"
"Valley","RAMEY HILL"
"Lemhi","RAMEY HILL"
"Custer","RAMEY HILL"
"Lemhi","DEADMAN PASS"
"Lemhi","SLEEPING DEER MOUNTAIN"
"Lemhi","BANNOCK PASS"
"Lemhi","GOAT MOUNTAIN"
"Lemhi","MEYERS COVE"
"Lemhi","MEYERS COVE POINT"
"Custer","MEYERS COVE POINT"
"Lemhi","LEMHI"
"Lemhi","HAYDEN CREEK"
"Lemhi","BLACK MOUNTAIN"
"Custer","BLACK MOUNTAIN"
"Lemhi","WARDS BUTTE"
"Custer","WARDS BUTTE"
"Lemhi","LEM PEAK"
"Lemhi","ALLISON CREEK"
"Lemhi","HAT CREEK"
"Custer","HAT CREEK"
"Washington","STURGILL CREEK"
"Washington","NEIL GULCH"
"Washington","ADVENT GULCH"
"Fremont","MADISON ARM"
"Washington","RUSH PEAK"
"Fremont","TARGHEE PASS"
"Fremont","TARGHEE PEAK"
"Adams","GOODRICH"
"Washington","GOODRICH"
"Adams","COUNCIL"
"Fremont","HIDDEN LAKE BENCH"
"Adams","COUNCIL MOUNTAIN"
"Valley","LONE TREE"
"Adams","LONE TREE"
"Valley","DONNELLY"
"Valley","SLOANS POINT"
"Valley","GOLD FORK ROCK"
"Valley","WARM LAKE"
"Valley","LANDMARK"
"Valley","PISTOL LAKE"
"Valley","CHINOOK MOUNTAIN"
"Valley","ARTILLERY DOME"
"Custer","ARTILLERY DOME"
"Valley","LITTLE SOLDIER MOUNTAIN"
"Custer","LITTLE SOLDIER MOUNTAIN"
"Valley","SLIDEROCK RIDGE"
"Custer","SLIDEROCK RIDGE"
"Lemhi","TEPEE MOUNTAIN"
"Lemhi","RESERVOIR CREEK"
"Lemhi","FALCONBERRY PEAK"
"Custer","FALCONBERRY PEAK"
"Lemhi","ROCK CREEK"
"Custer","ROCK CREEK"
"Lemhi","LEADORE"
"Lemhi","WEST OF LEADORE"
"Lemhi","SHELDON PEAK"
"Custer","SHELDON PEAK"
"Lemhi","WHITE GOAT MOUNTAIN"
"Custer","WHITE GOAT MOUNTAIN"
"Lemhi","STROUD CREEK"
"Lemhi","BLOWFLY CREEK"
"Custer","BLOWFLY CREEK"
"Lemhi","MOGG MOUNTAIN"
"Lemhi","GOOSEBERRY CREEK"
"Custer","GOOSEBERRY CREEK"
"Lemhi","MAY MOUNTAIN"
"Lemhi","ENNIS GULCH"
"Custer","ENNIS GULCH"
"Lemhi","ELLIS"
"Custer","ELLIS"
"Washington","CONNOR CREEK"
"Washington","MONROE BUTTE"
"Washington","STURGILL PEAK"
"Washington","HOPPER CREEK"
"Fremont","REAS PASS"
"Washington","CAMBRIDGE"
"Fremont","BIG SPRINGS"
"Adams","EAST OF CAMBRIDGE"
"Washington","EAST OF CAMBRIDGE"
"Fremont","SAWTELL PEAK"
"Adams","INDIAN VALLEY"
"Fremont","MOUNT JEFFERSON"
"Clark","MOUNT JEFFERSON"
"Adams","KING HILL CREEK"
"Clark","UPPER RED ROCK LAKE"
"Valley","COLD SPRING RIDGE"
"Adams","COLD SPRING RIDGE"
"Gem","COLD SPRING RIDGE"
"Clark","SLIDE MOUNTAIN"
"Valley","CASCADE"
"Clark","WINSLOW CREEK"
"Clark","BIG TABLE MOUNTAIN"
"Valley","EAGLE NEST"
"Clark","CORRAL CREEK"
"Valley","ORO MOUNTAIN"
"Valley","RICE PEAK"
"Clark","MONIDA"
"Valley","TYNDALL MEADOWS"
"Valley","HONEYMOON LAKE"
"Clark","GALLAGHER GULCH"
"Valley","BIG SOLDIER MOUNTAIN"
"Custer","BIG SOLDIER MOUNTAIN"
"Valley","SOLDIER CREEK"
"Custer","SOLDIER CREEK"
"Custer","GREYHOUND MOUNTAIN"
"Custer","PINYON PEAK"
"Lemhi","MORRISON LAKE"
"Custer","CASTO"
"Lemhi","POWDERHORN GULCH"
"Lemhi","PURCELL SPRING"
"Custer","SHERMAN PEAK"
"Lemhi","CHALLIS CREEK LAKES"
"Custer","CHALLIS CREEK LAKES"
"Lemhi","SHEEPHORN PEAK"
"Lemhi","YELLOW PEAK"
"Lemhi","TWIN PEAKS"
"Custer","TWIN PEAKS"
"Custer","PATS CREEK"
"Lemhi","PATTERSON"
"Custer","CHALLIS"
"Lemhi","EAST OF MAY"
"Custer","EAST OF MAY"
"Lemhi","MAY"
"Custer","MAY"
"Custer","GROUSE PEAK"
"Washington","HENLEY BASIN"
"Washington","OLDS FERRY NE"
"Washington","MANN CREEK NW"
"Fremont","BUFFALO LAKE NE"
"Fremont","LATHAM SPRING"
"Washington","MIDVALE HILL"
"Washington","MIDVALE"
"Fremont","ISLAND PARK"
"Adams","HOG CREEK BUTTE"
"Washington","HOG CREEK BUTTE"
"Fremont","ISLAND PARK DAM"
"Adams","GRANGER BUTTE"
"Washington","GRANGER BUTTE"
"Fremont","ICEHOUSE CREEK"
"Clark","ICEHOUSE CREEK"
"Adams","TWIN SISTERS"
"Washington","TWIN SISTERS"
"Gem","TWIN SISTERS"
"Fremont","SHERIDAN RESERVOIR"
"Clark","SHERIDAN RESERVOIR"
"Fremont","ANTELOPE VALLEY"
"Clark","ANTELOPE VALLEY"
"Valley","TRIPOD PEAK"
"Adams","TRIPOD PEAK"
"Gem","TRIPOD PEAK"
"Valley","ALPHA"
"Clark","KILGORE"
"Valley","SKUNK CREEK SUMMIT"
"Clark","LOOKOUT POINT"
"Valley","BULL CREEK HOT SPRINGS"
"Clark","SPENCER NORTH"
"Clark","PAUL RESERVOIR"
"Valley","WILD BUCK PEAK"
"Valley","BERNARD MOUNTAIN"
"Clark","TEPEE DRAW"
"Clark","EDIE CREEK"
"Valley","BEAR VALLEY MOUNTAIN"
"Clark","FRITZ PEAK"
"Valley","BLUE BUNCH MOUNTAIN"
"Custer","BLUE BUNCH MOUNTAIN"
"Clark","DEADMAN LAKE"
"Lemhi","DEADMAN LAKE"
"Valley","CAPE HORN LAKES"
"Custer","CAPE HORN LAKES"
"Lemhi","EIGHTEENMILE PEAK"
"Custer","LANGER PEAK"
"Custer","KNAPP LAKES"
"Lemhi","COTTONWOOD CREEK"
"Custer","MOUNT JORDAN"
"Lemhi","GILMORE SUMMIT"
"Custer","CUSTER"
"Lemhi","GILMORE"
"Lemhi","IRON CREEK POINT"
"Custer","IRON CREEK POINT"
"Custer","ELEVENMILE CREEK"
"Custer","BAYHORSE LAKE"
"Lemhi","BIG CREEK PEAK"
"Custer","BIG CREEK PEAK"
"Custer","BAYHORSE"
"Lemhi","DONKEY HILLS NW"
"Custer","DONKEY HILLS NW"
"Lemhi","MAHOGANY HILL"
"Custer","MAHOGANY HILL"
"Custer","BRADBURY FLAT"
"Custer","MEADOW PEAK"
"Custer","LITTLE ANTELOPE FLAT"
"Washington","OLDS FERRY"
"Washington","PORTERS FLAT"
"Washington","WEISER NORTH"
"Fremont","BUFFALO LAKE"
"Washington","MANN CREEK SE"
"Fremont","BIG GRASSY"
"Washington","NUTMEG FLAT"
"Fremont","HATCHERY BUTTE"
"Washington","CRANE CREEK RESERVOIR"
"Fremont","LAST CHANCE"
"Fremont","BISHOP MOUNTAIN"
"Washington","RILEY BUTTE"
"Washington","DODSON PASS"
"Gem","DODSON PASS"
"Fremont","CRYSTAL BUTTE"
"Fremont","PINE BUTTE"
"Clark","PINE BUTTE"
"Valley","SAGE HEN RESERVOIR"
"Gem","SAGE HEN RESERVOIR"
"Valley","SMITHS FERRY"
"Clark","IDMON"
"Valley","SIXMILE POINT"
"Clark","GARDNER LAKE"
"Valley","BOILING SPRINGS"
"Clark","SPENCER SOUTH"
"Clark","THUNDER GULCH"
"Valley","DEADWOOD RESERVOIR"
"Clark","INDIAN CREEK"
"Valley","WHITEHAWK MOUNTAIN"
"Valley","CACHE CREEK"
"Boise","CACHE CREEK"
"Clark","ROCKY CREEK"
"Valley","BULL TROUT POINT"
"Boise","BULL TROUT POINT"
"Custer","BULL TROUT POINT"
"Clark","HEART MOUNTAIN"
"Boise","BANNER SUMMIT"
"Custer","BANNER SUMMIT"
"Clark","SCOTT PEAK"
"Lemhi","SCOTT PEAK"
"Lemhi","ITALIAN CANYON"
"Custer","ELK MEADOW"
"Custer","BASIN BUTTE"
"Lemhi","NICHOLIA"
"Lemhi","COAL KILN CANYON"
"Custer","EAST BASIN CREEK"
"Custer","SUNBEAM"
"Lemhi","BIG WINDY PEAK"
"Custer","BIG WINDY PEAK"
"Custer","THOMPSON CREEK"
"Lemhi","MOFFETT SPRINGS"
"Custer","MOFFETT SPRINGS"
"Custer","DONKEY CREEK"
"Custer","CLAYTON"
"Custer","SPRING HILL"
"Custer","BALD MOUNTAIN"
"Custer","DOUBLESPRING"
"Custer","LONE PINE PEAK"
"Custer","ANTELOPE FLAT"
"Custer","GROUSE CREEK MOUNTAIN"
"Washington","WICKIUP GULCH"
"Fremont","BECHLER FALLS"
"Payette","WEISER SOUTH"
"Washington","WEISER SOUTH"
"Fremont","WARM RIVER BUTTE"
"Payette","WEISER COVE"
"Washington","WEISER COVE"
"Payette","HOLLAND GULCH"
"Washington","HOLLAND GULCH"
"Fremont","SNAKE RIVER BUTTE"
"Fremont","LOOKOUT BUTTE"
"Payette","PADDOCK VALLEY RESERVOIR"
"Washington","PADDOCK VALLEY RESERVOIR"
"Fremont","BLUE CREEK RESERVOIR"
"Payette","COONROD GULCH"
"Washington","COONROD GULCH"
"Gem","COONROD GULCH"
"Boise","OLA"
"Washington","OLA"
"Gem","OLA"
"Fremont","SPLIT BUTTE"
"Fremont","SPLIT ROCK"
"Clark","SPLIT ROCK"
"Valley","HIGH VALLEY"
"Boise","HIGH VALLEY"
"Gem","HIGH VALLEY"
"Fremont","SNOWSHOE BUTTE"
"Clark","SNOWSHOE BUTTE"
"Valley","PACKER JOHN MOUNTAIN"
"Boise","PACKER JOHN MOUNTAIN"
"Fremont","DUBOIS NE"
"Clark","DUBOIS NE"
"Valley","PYLE CREEK"
"Boise","PYLE CREEK"
"Valley","LIGHTNING RIDGE"
"Boise","LIGHTNING RIDGE"
"Clark","DUBOIS NW"
"Clark","LONE BUTTE"
"Valley","SCOTT CREEK"
"Boise","SCOTT CREEK"
"Valley","MILLER MOUNTAIN WEST"
"Boise","MILLER MOUNTAIN WEST"
"Clark","SMALL"
"Valley","MILLER MOUNTAIN EAST"
"Boise","MILLER MOUNTAIN EAST"
"Clark","LIDY HOT SPRINGS"
"Clark","SHAMROCK GULCH"
"Boise","EIGHTMILE MOUNTAIN"
"Clark","COPPER MOUNTAIN"
"Lemhi","COPPER MOUNTAIN"
"Boise","GRANDJEAN"
"Custer","GRANDJEAN"
"Boise","STANLEY LAKE"
"Custer","STANLEY LAKE"
"Clark","BLUE DOME"
"Butte","BLUE DOME"
"Lemhi","BLUE DOME"
"Butte","DIAMOND PEAK"
"Lemhi","DIAMOND PEAK"
"Custer","STANLEY"
"Butte","BELL MOUNTAIN"
"Lemhi","BELL MOUNTAIN"
"Custer","CASINO LAKES"
"Custer","ROBINSON BAR"
"Butte","MULKEY BAR"
"Lemhi","MULKEY BAR"
"Custer","MULKEY BAR"
"Custer","LIVINGSTON CREEK"
"Butte","RED HILLS"
"Custer","RED HILLS"
"Custer","POTAMAN PEAK"
"Custer","SHORT CREEK"
"Custer","ZIEGLER BASIN"
"Custer","BURNT CREEK"
"Custer","THE PAINT POT"
"Custer","BORAH PEAK"
"Custer","HORSE BASIN"
"Custer","DICKEY PEAK"
"Fremont","SHEEP FALLS"
"Payette","PAYETTE"
"Fremont","PORCUPINE LAKE"
"Payette","BIRDING ISLAND"
"Payette","SHEEP RIDGE"
"Fremont","WARM RIVER"
"Payette","HOG COVE BUTTE"
"Gem","HOG COVE BUTTE"
"Fremont","ASHTON"
"Payette","SQUAW BUTTE"
"Gem","SQUAW BUTTE"
"Fremont","LEMON LAKE"
"Fremont","BLACK KNOLL"
"Boise","WEBB CREEK"
"Gem","WEBB CREEK"
"Fremont","BIG GRASSY RIDGE SE"
"Boise","DRY BUCK VALLEY"
"Fremont","BIG GRASSY RIDGE"
"Boise","BANKS"
"Boise","GARDEN VALLEY"
"Fremont","DUBOIS SE"
"Clark","DUBOIS SE"
"Boise","GRIMES PASS"

The free trial of MDB ACCDB Viewer exports only half of the records in each table.
